layer,accuracy,energy_ratio,energy_pj
original,0.9866,0.7665357,4198707200000.0
batchnorm2d_1,0.9504,0.7931963,4344701800000.0
batchnorm2d_4,0.9433,0.8010348,4387643900000.0
batchnorm2d_9,0.9373,0.80501395,4409437000000.0
batchnorm2d_14,0.9403,0.80734223,4422193600000.0
batchnorm2d_21,0.9373,0.80946267,4433801400000.0
batchnorm2d_26,0.9397,0.8114036,4444434500000.0
batchnorm2d_33,0.9372,0.8121952,4448771400000.0
batchnorm2d_38,0.9369,0.81491315,4463659000000.0
batchnorm2d_45,0.9398,0.81781083,4479532000000.0
