layer,accuracy,energy_ratio,energy_pj
original,0.9224,0.7355629,3381689300000.0
batchnorm2d_1,0.8744,0.7446476,3423496300000.0
batchnorm2d_4,0.8728,0.75127053,3453954300000.0
batchnorm2d_9,0.8726,0.75312287,3462473000000.0
batchnorm2d_14,0.8733,0.7544238,3468456400000.0
batchnorm2d_21,0.8726,0.7557672,3474637500000.0
batchnorm2d_26,0.8737,0.7560363,3473161800000.0
batchnorm2d_33,0.8726,0.75632393,3477194700000.0
batchnorm2d_38,0.8725,0.75644696,3477761000000.0
batchnorm2d_45,0.8725,0.7576885,3478869500000.0
