layer,accuracy,energy_ratio,energy_pj
original,0.5654,0.7463102,3449140300000.0
batchnorm2d_1,0.5655,0.74663126,3450619600000.0
batchnorm2d_4,0.5656,0.74700683,3452357000000.0
batchnorm2d_9,0.5657,0.74739814,3454165300000.0
batchnorm2d_14,0.5656,0.747538,3454811200000.0
batchnorm2d_21,0.5657,0.7475773,3454993400000.0
batchnorm2d_26,0.5658,0.7477555,3455815800000.0
batchnorm2d_33,0.5658,0.7477555,3455815800000.0
batchnorm2d_38,0.5655,0.7477629,3455850000000.0
batchnorm2d_45,0.5656,0.74781966,3456113000000.0
