layer,accuracy,energy_ratio,energy_pj
original,0.9276326207442597,0.7689143,3571741400000.0
batchnorm2d_1,0.8777513855898654,0.7761801,3605477200000.0
batchnorm2d_4,0.8879651623119557,0.7806223,3626106000000.0
batchnorm2d_9,0.8879651623119557,0.78570914,3649740000000.0
batchnorm2d_14,0.8777513855898654,0.78979295,3668711800000.0
batchnorm2d_21,0.8778305621536026,0.7912725,3675583700000.0
batchnorm2d_26,0.8778305621536026,0.7921213,3679526600000.0
batchnorm2d_33,0.8779097387173397,0.79323924,3684721000000.0
batchnorm2d_38,0.8781472684085511,0.7940699,3688580300000.0
batchnorm2d_45,0.8777513855898654,0.7963259,3699061300000.0
