layer,accuracy,energy_ratio,energy_pj
original,0.9224,0.7355629,3381689300000.0
batchnorm2d_1,0.9126,0.73981154,3401238200000.0
batchnorm2d_4,0.9125,0.7403962,3403930700000.0
batchnorm2d_9,0.9129,0.74372697,3419248000000.0
batchnorm2d_14,0.9127,0.7444755,3422691500000.0
batchnorm2d_21,0.9126,0.744789,3424132800000.0
batchnorm2d_26,0.9127,0.74496144,3424925800000.0
batchnorm2d_33,0.9125,0.74537575,3426831600000.0
batchnorm2d_38,0.9125,0.7455635,3427693800000.0
batchnorm2d_45,0.9125,0.7456647,3428158500000.0
