layer,accuracy,energy_ratio,energy_pj
original,0.9276326207442597,0.7689143,3571741400000.0
batchnorm2d_1,0.917735550277118,0.7733598,3592384200000.0
batchnorm2d_4,0.9192399049881235,0.7746592,3598420300000.0
batchnorm2d_9,0.9184481393507522,0.7784866,3616200500000.0
batchnorm2d_14,0.9182106096595408,0.7808656,3627252200000.0
batchnorm2d_21,0.9178939034045922,0.78170323,3631143200000.0
batchnorm2d_26,0.9176563737133808,0.7822512,3633687000000.0
batchnorm2d_33,0.9178939034045922,0.7830045,3636002300000.0
batchnorm2d_38,0.9178939034045922,0.7830045,3636002300000.0
batchnorm2d_45,0.9178939034045922,0.7830045,3636002300000.0
