layer,accuracy,energy_ratio,energy_pj
original,0.5654,0.7463102,3449140300000.0
batchnorm2d_1,0.5555,0.7472281,3453374400000.0
batchnorm2d_4,0.5557,0.7481418,3457595000000.0
batchnorm2d_9,0.5559,0.7490953,3462001300000.0
batchnorm2d_14,0.5555,0.74939716,3463397500000.0
batchnorm2d_21,0.5555,0.74939716,3463397500000.0
batchnorm2d_26,0.556,0.74959797,3464325200000.0
batchnorm2d_33,0.5558,0.7496401,3464520300000.0
batchnorm2d_38,0.5556,0.74965656,3464596600000.0
batchnorm2d_45,0.5556,0.74965656,3464596600000.0
