layer,accuracy,energy_ratio,energy_pj
original,0.9276326207442597,0.7689143,3571741400000.0
batchnorm2d_1,0.9078384798099762,0.77516824,3600777700000.0
batchnorm2d_4,0.9094220110847189,0.7767559,3608152400000.0
batchnorm2d_9,0.9110847189231988,0.7804017,3625092400000.0
batchnorm2d_14,0.907680126682502,0.7824719,3634710400000.0
batchnorm2d_21,0.9080760095011876,0.7834897,3639438200000.0
batchnorm2d_26,0.9079968329374505,0.7841285,3642405700000.0
batchnorm2d_33,0.907680126682502,0.7850279,3646584500000.0
batchnorm2d_38,0.907680126682502,0.7855446,3648984700000.0
batchnorm2d_45,0.907680126682502,0.7872023,3656685700000.0
