layer,accuracy,energy_ratio,energy_pj
original,0.5654,0.7463102,3449140300000.0
batchnorm2d_1,0.5159,0.75019604,3467084600000.0
batchnorm2d_4,0.516,0.75117505,3471610000000.0
batchnorm2d_9,0.5157,0.75377095,3483601000000.0
batchnorm2d_14,0.5155,0.754635,3487591800000.0
batchnorm2d_21,0.5166,0.75577915,3492879000000.0
batchnorm2d_26,0.5162,0.7562738,3495164400000.0
batchnorm2d_33,0.5161,0.75647146,3496077200000.0
batchnorm2d_38,0.5157,0.75649476,3496185700000.0
batchnorm2d_45,0.5158,0.7567656,3497437400000.0
