layer,accuracy,energy_ratio,energy_pj
original,0.9224,0.7355629,3381689300000.0
batchnorm2d_1,0.9027,0.73919505,3398400700000.0
batchnorm2d_4,0.9026,0.73958147,3400181500000.0
batchnorm2d_9,0.903,0.7425767,3413961600000.0
batchnorm2d_14,0.9027,0.74318576,3416762400000.0
batchnorm2d_21,0.9027,0.74318576,3416762400000.0
batchnorm2d_26,0.9025,0.7437611,3419406300000.0
batchnorm2d_33,0.9025,0.74409693,3420950600000.0
batchnorm2d_38,0.9027,0.74431163,3421936800000.0
batchnorm2d_45,0.9025,0.74482733,3424306900000.0
