layer,accuracy,energy_ratio,energy_pj
original,0.9866,0.7665357,4198707200000.0
batchnorm2d_1,0.9679,0.79271525,4342064300000.0
batchnorm2d_4,0.9671,0.79684836,4364702600000.0
batchnorm2d_9,0.967,0.8012069,4388574500000.0
batchnorm2d_14,0.9667,0.8033608,4400379600000.0
batchnorm2d_21,0.9671,0.805805,4413759400000.0
batchnorm2d_26,0.9675,0.8075706,4423433600000.0
batchnorm2d_33,0.9671,0.8083809,4427872000000.0
batchnorm2d_38,0.9669,0.81068337,4440484500000.0
batchnorm2d_45,0.9688,0.8135249,4456050600000.0
