layer,accuracy,energy_ratio,energy_pj
original,0.8798099762470308,0.6594367,1528335300000.0
batchnorm2d_1,0.8703087885985749,0.671797,1556982000000.0
batchnorm2d_4,0.8699129057798891,0.6767858,1568545400000.0
batchnorm2d_8,0.8701504354711006,0.6804222,1576973900000.0
batchnorm2d_11,0.8700712589073634,0.6836555,1584468100000.0
batchnorm2d_15,0.8699920823436262,0.6854392,1588603300000.0
batchnorm2d_18,0.8699920823436262,0.68568695,1589177500000.0
batchnorm2d_21,0.8700712589073634,0.6858005,1589441000000.0
batchnorm2d_25,0.869833729216152,0.6861562,1590265600000.0
batchnorm2d_28,0.8699920823436262,0.6870567,1592353400000.0
batchnorm2d_31,0.8700712589073634,0.6872644,1592834800000.0
batchnorm2d_35,0.869833729216152,0.68734145,1593013300000.0
batchnorm2d_38,0.869833729216152,0.6876499,1593728200000.0
batchnorm2d_41,0.869833729216152,0.6882408,1595097600000.0
