layer,accuracy,energy_ratio,energy_pj
original,0.8798099762470308,0.6594367,1528335300000.0
batchnorm2d_1,0.8612826603325415,0.6784802,1572466900000.0
batchnorm2d_4,0.8598574821852731,0.68096316,1578221400000.0
batchnorm2d_8,0.8600158353127474,0.68244445,1581654500000.0
batchnorm2d_11,0.8599366587490103,0.68515563,1587939100000.0
batchnorm2d_15,0.8599366587490103,0.68757904,1593555800000.0
batchnorm2d_18,0.8600158353127474,0.68944275,1597877500000.0
batchnorm2d_21,0.8598574821852731,0.69031423,1599897600000.0
batchnorm2d_25,0.8599366587490103,0.69096917,1601416200000.0
batchnorm2d_28,0.8598574821852731,0.69113845,1601808800000.0
batchnorm2d_31,0.8598574821852731,0.69133776,1602270300000.0
batchnorm2d_35,0.8598574821852731,0.69145304,1602537900000.0
batchnorm2d_38,0.8598574821852731,0.6914545,1602541300000.0
batchnorm2d_41,0.8598574821852731,0.69193166,1603647600000.0
