layer,accuracy,energy_ratio,energy_pj
original,0.8798099762470308,0.6594367,1528335300000.0
batchnorm2d_1,0.8813143309580365,0.67305404,1559893200000.0
batchnorm2d_4,0.8806017418844022,0.67899376,1573664700000.0
batchnorm2d_8,0.8800475059382423,0.68232656,1581388500000.0
batchnorm2d_11,0.8798099762470308,0.68449014,1586402200000.0
batchnorm2d_15,0.8798099762470308,0.6845183,1586467400000.0
batchnorm2d_18,0.8800475059382423,0.68520486,1588059600000.0
batchnorm2d_21,0.8798099762470308,0.6859682,1589829300000.0
batchnorm2d_25,0.879889152810768,0.6867874,1591728700000.0
batchnorm2d_28,0.8798099762470308,0.6870468,1592330200000.0
batchnorm2d_31,0.8798099762470308,0.6872468,1592793800000.0
batchnorm2d_35,0.879889152810768,0.68741643,1593186700000.0
batchnorm2d_38,0.879889152810768,0.6876551,1593740200000.0
batchnorm2d_41,0.8798099762470308,0.68814164,1594868000000.0
